{
	"type":"ItemTurret",//类型:消耗物品的炮塔
	"name":"凝结",//名字
   "description":"向敌人发射冷冻弹",//介绍
	"size":3,//物品面积
	"health":3000,//建筑血量
	"ammoPerShot":1,//每次攻击消耗弹药数量
	"range":400,//索敌
	"reload":60,//攻击速度（每多少帧射击一次）(一秒60帧)
	"trailLength":4,//尾迹长度:任何< = 0 的值都将禁用尾迹。
	"trailWidth":2,//尾迹宽度
    "trailColor":"6BD683FF",//尾迹颜色
	"category": "turret",
    "recoil":2,//后坐力
	"inaccuracy":1,//误差(度）
	"consumes": {
		"coolant": {
			"amount": 0.1,
			"optional": true
			}
			}
  "ammoUseEffect": "shootSmallSmoke",//开火特效
	"rotatespeed":3,//旋转速度
	"maxAmmo":30,//最大弹药
	"targetAir":true//索敌天空
	"targetGround":true,//索敌地面
	"coolantMultiplier":7,//液体加速倍率
	"heatColor":"#FF0000",
	"shoot": {
		"shots": 1, //一次射多少发
		"type": "ShootAlternate",
		"barrels": 1, //枪管数量
		"spread": 1 //枪管之间的距离
	},
	"ammoTypes":{
		"银": 
		    {//消耗的弹药
		    "shots":1,
		    "reloadMultiplier":1,//射击速率
			"speed": 8,//子弹速度（输入数字×8）
			"damage": 30,//伤害
			"status":"freezing",//击中给予状态
            "statusDuration":600,//状态持续时间，帧
			"lifetim":180,//弹药存在时间（帧）
			"width": 8,//子弹宽度
			"height":10,//子弹长度
			"ammoMultiplier":1,//装填倍数
			"shootEffect": "shootSmall" //特效
				},
},
	"requirements": [
	 {"item":"铱","amount":50 },
	 ]
	"category": "turret",//类型
	   "research":{"parent" :"连射",
               "planet" :"深暗之地-加利尼亚",
               }
}