{
	"type": "ItemTurret",
	"name": "单管",
	"description": "使用单个枪管向敌人射击",
	"health": 500, //生命
	"research":"高温核心"
		"category": "turret",
	"alwaysUnlocked":true,//科技树默认解锁
	"size": 1, //大小
	"reload": 30, //发射间隔
	"range": 160, //索敌范围
	"ammoPerShot": 1, //每发子弹需要的弹药
	"coolantMultiplier":7,//液体加速倍率
	"shootSound":"bang"
	"consumes": {
		"coolant": {
			"amount": 0.1,
			"optional": true
		}
	},
	"shoot": {
		"shots": 4, //一次射多少发
		"shotDelay": 5, //间隔
		"type": "ShootAlternate",
		"barrels": 1, //枪管数量
		"spread": 2 //散射
	},
	"xRand": 1,
	"ammoUseEffect": "casing2Double", //特效
	"inaccuracy": 1, //不精准度
	"rotateSpeed": 12, //旋转速度
	"shake": 1,
	"ammoTypes": {
	     "银":{
	       "speed": 4,
			"damage": 14,
			"lifetime": 40,
			"width": 1,
			"height": 7,
			"makeFire": "alse",
			"ammoMultiplier": 3,
			"shootEffect": "shootSmall",
			"sprite": "circle"
			"shrinkY": 0
            "trailColor":"6BD683FF",//尾迹颜色

		},
		"铱":{
	       "speed": 4,
			"damage":10,
			"lifetime": 40,
			"width": 1,
			"height": 2,
			"makeFire": "alse",
			"ammoMultiplier": 3,
			"shootEffect": "shootSmall",
			"sprite": "circle"
			"shrinkY": 0
			"trailColor": "6BD683FF",
			"frontColor": "A2E8DEFF"
			"trailLength": 4,//尾迹长
            "trailWidth": 1,//尾迹宽
            "trailColor":"AFAFAFFF",//尾迹颜色
"status": "折刃",
		},
	},
	"researchCostMultiplier": 0.5,
	"requirements": [
		{
			"item": "铱",
			"amount": 25
		},

	],
	
	
}