{
	"type": "ItemTurret",
	"name": "横扫",
	"description": "向前方扇形区域发射穿透击退子弹，穿透敌方装甲",
	"health": 2000, //生命
	"research":"脉冲"
		"category": "turret",
	"alwaysUnlocked":false,//科技树默认解锁
	"size": 3, //大小
	"reload":30, //发射间隔
	"range": 250, //索敌范围
	"ammoPerShot": 1, //每发子弹需要的弹药
	"coolantMultiplier":7,//液体加速倍率
	"shootSound":"bang"
	"consumes": {
		"coolant": {
			"amount": 0.1,
			"optional": true
		}
	},
	"range": 160,
    "maxAmmo":20,
	"recoilTime":20,
	"recoil":3,
	"cooldownTime": 30,
	"shoot":{
	    "type":"ShootSpread",
	    "shots":30,
	    "spread": 1
	},
	"xRand": 1.6,
	"ammoPerShot":3,
	"targetGround":true,
	"targetAir":true,
	"shake":3,
	"shootCone":15,
	"velocityRnd": "0.15",
	"ammoUseEffect": "casing3Double", //特效
	"inaccuracy": 45, //不精准度
	"rotateSpeed": 12, //旋转速度
	"ammoTypes": {
		"铱":{
	       "speed": 7,
			"damage":30,
			"lifetime": 30,
			"width": 4,
			"height": 6,
			"makeFire": "alse",
			"ammoMultiplier": 4,
			"pierceCap":15,//穿透
			"knockback":3,//击退
			"shootEffect": "shootBig",
			"sprite": "circle"
			"shrinkY": 0
			"trailColor": "6BD683FF",
			"frontColor": "A2E8DEFF"
			"trailLength":7,//尾迹长
            "trailWidth": 4,//尾迹宽
            "pierce":true,
            "pierceArmor":true,//穿甲
            "trailColor":"AFAFAFFF",//尾迹颜色
"status": "折刃",
		},
		},
	"researchCostMultiplier": 0.5,
	"requirements": [
		{
			"item": "铱",
			"amount": 25
		},

	],
	
	
}