{
	"type":"ItemTurret",//类型:消耗物品的炮塔
	"name":"雷暴",//名字
   "description":"向敌人发射放电穿甲弹",//介绍
	"size":4,//物品面积
	"health":5000,//建筑血量
	"ammoPerShot":1,//每次攻击消耗弹药数量
	"range":400,//索敌
	"reload":60,//攻击速度（每多少帧射击一次）(一秒60帧)
	"category": "turret",//类型
    "recoil":4,//后坐力
	"inaccuracy":1,//误差(度）
	"consumes": {
		"coolant": {
			"amount": 0.1,
			"optional": true
			}
			}
    "shoot": {
		"shots": 2, //一次射多少发
		"type": "ShootAlternate",
		"barrels": 2, //枪管数量
		"spread": 8 //枪管之间的距离
	},
  "ammoUseEffect": {
                "type":"WaveEffect",
                "colorFrom":"AFAFAFFF",//颜色从
                "colorTo":"AFAFAFFF",//颜色至
                "lightColor":"000000",//浅色
                "sizeFrom":100,//开始时圆环直径
                "sizeTo":0,//结束时圆环直径
                "lightScl":1.0,//轻量级
                "lightOpacity":0,//光不透明
                "sides":0,//双方//效果不明
                "rotation":0,//回转//效果不明
                "strokeFrom":1,//开始时圆形宽度
                "strokeTo":5,//结束时圆环宽度
                //"interp":linear,//插值
                //"lightInterp":reverse,//插值
                "offsetX":0.0,//偏转x
                "offsetY":0.0//偏转y
                },//开火特效
	"rotatespeed":1.6,//旋转速度
	"maxAmmo":30,//最大弹药
	"targetAir":true//索敌天空
	"targetGround":true,//索敌地面
	"coolantMultiplier":7,//液体加速倍率
	"heatColor":"#FF0000",
	"ammoTypes":{
			"铱": 
		    {
		    "pierceCap":10,//穿透
		    "reloadMultiplier":1,//射击速率
			"speed": 12,//子弹速度（输入数字×8）
			"damage": 200,//伤害
			"knockback":1,//击退
			"lifetim":160,//弹药存在时间（帧）
			"width": 6,//子弹宽度
			"height":10,//子弹长度
			"ammoMultiplier":1,//装填倍数
			"trailLength":8,//尾迹长度:任何< = 0 的值都将禁用尾迹。
			"trailEffect":"disperseTrail",//尾迹特效
			"trailChance":1,
            "trailRotation":true,
         	"trailWidth":3,//尾迹宽度
            "pierce":true,
            "pierceArmor":true,//穿甲
            "trailColor":"CB8EBFFF",//尾迹颜色
			"bulletInterval": 3,
            "intervalBullets": 1,
            "intervalAngle": 360,
            "intervalSpread": 5,
            "intervalRandomSpread": 360,
		    "intervalBullet" :{//放电
			    "type":"LightningBulletType"
		    	"damage":45
			    "length":20
		    	"lightningLengthRand":8
		    	"lifetime":20
		    	"lightningColor":"CB8EBFFF"
		    	"pierceArmor":true
		       },
		    },
},
	"requirements": [
	 {"item":"铱","amount":50 },
	 ]
	"category": "turret",//类型
	   "research":{"parent" :"横扫",
               "planet" :"深暗之地-加利尼亚",
               }
}