{
	"type":"ItemTurret",//类型:消耗物品的炮塔
	"name":"高射",//名字
   "description":"向空中敌人发射高射炮弹",//介绍
	"size":3,//物品面积
	"health":1000,//建筑血量
	"ammoPerShot":1,//每次攻击消耗弹药数量
	"range":420,//索敌
	"reload":40,//攻击速度（每多少帧射击一次）(一秒60帧)
	"trailLength":4,//尾迹长度:任何< = 0 的值都将禁用尾迹。
	"trailWidth":2,//尾迹宽度
    "trailColor":"6BD683FF",//尾迹颜色
	"category": "turret",
    "recoil":4,//后坐力
	"inaccuracy":1,//误差(度）
	"consumes": {
		"coolant": {
			"amount": 0.1,
			"optional": true
			}
			}
  "ammoUseEffect": "shootSmallSmoke",//开火特效
	"rotatespeed":4,//旋转速度
	"maxAmmo":30,//最大弹药
	"targetAir":true//索敌天空
	"targetGround":false,//索敌地面
	"coolantMultiplier":7,//液体加速倍率
	"heatColor":"#FF0000",
	"shoot": {
		"shots": 2, //一次射多少发
		"type": "ShootAlternate",
		"spread": 10//散射
	},
	"ammoTypes":{
		"银": 
		    {//消耗的弹药
		    "shots":1,
		    "reloadMultiplier":1,//射击速率
			"speed": 13,//子弹速度（输入数字×8）
			"damage": 13,//伤害
			"splashDamage": 50,  // 溅射伤害
            "splashDamageRadius": 18,  // 溅射范围半径
			"knockback":2,//击退
			"lifetim":40,//弹药存在时间（帧）
			"width": 6,//子弹宽度
			"height":8,//子弹长度
			"ammoMultiplier":4,//装填倍数
			"shootEffect": "shootSmall" 	//特效
		    "trailEffect":"disperseTrail",//尾迹特效
			"trailChance":1,
            "trailRotation":true,
            "trailLength":4,//尾迹长度:任何< = 0 的值都将禁用尾迹。
         	"trailWidth":2,//尾迹宽度
            "trailColor":"AFAFAFFF",//尾迹颜色
				}
			"铱": 
		    {//消耗的弹药
		    "shots":2,
		    "reloadMultiplier":1,//射击速率
			"speed": 15,//子弹速度（输入数字×8）
			"damage": 10,//伤害
			"splashDamage": 45,  // 溅射伤害
            "splashDamageRadius": 16,  // 溅射范围半径
			"lifetim":32,//弹药存在时间（帧）
			"width": 2,//子弹宽度
			"height":2,//子弹长度
			"ammoMultiplier":4,//装填倍数
			"shootEffect": "shootSmall" 	//特效
		    "trailEffect":"disperseTrail",//尾迹特效
			"trailChance":1,
            "trailRotation":true,
            "trailLength":4,//尾迹长度:任何< = 0 的值都将禁用尾迹。
         	"trailWidth":2,//尾迹宽度
            "trailColor":"AFAFAFFF",//尾迹颜色
			},
},
	"requirements": [
	 {"item":"铱","amount":50 },
	 ]
	"category": "turret",//类型
	   "research":{"parent" :"点射",
               "planet" :"深暗之地-加利尼亚",
               }
}