{
    "name":"铱",//名字
    "description":"用作加利尼亚的多种弹药和建筑",//介绍
    "details":"铱，极度致密金属，耐高温，极度抗腐蚀，硬度高\n导电性能与导热性能还行",
    "color":"E0E0E0",
    "explosiveness":0,//爆炸性
    "flammability":0,//易燃性
    "radioactivity":0,//放射性
    "hardness":2,
    "cost":0.5,
    "alwaysUnlocked":false,
     "research":{"parent" :"高温核心",
               "planet" :"加利尼亚",
               }
	}
