{
"type":"legs",
"name":"保护",
"description":"向敌人连射炮弹，可自由工作",
"health":500,//生命
"armor":1.5,
"speed":1.45,//速度
"outlineColor": "1F1F1F",
"hitSize":12,//尺寸
"rotateSpeed":3,
"itemCapacity":0//背包容量
"legCount":6,//腿数
"legLength":3//腿部长度
"legForwardScl":1,//腿向前伸缩
"legMoveSpace":2,//腿部移动空间
"ammoType":"铱",
"weapons":[
{
"name":"火炮",//名称
"shoot":
{
"type": "ShootAlternate",
"shots":4,
"shotDelay":10,
}
"xRand":0.5
"x":4,"y":0,
"rotate":false,
"shake":1,
"inaccuracy":5,
"velocityRnd":0.2,
"reload":150,//装弹时间
"bullet":
{
	"damage": 20,/*伤害 */
	"frontColor":"FFDE00",/*子弹颜色 正面颜色*/
	"backColor":"FF4E00",/*背景色 */
	"width": 2,/*子弹宽度 */
	"height": 15,/*子弹长度 */
	"speed": 2.5,/*子弹速度 */
	"lifetime":50,/*子弹血量 */
	"reloadTime": 21,//攻击范围
	"lifetime":120,//存在时间，帧
            }
"collidesTeam":false,
"collidesAir":true,
"collides":true,
"scaleLife":false,

}
]
}



