{
	"name": "低温液",
	"description": "特殊的液体，在极低温下也仍然是液态",
	"details": "「加利尼亚」上的生物释放的特殊有机物使水的氢键被破坏，让其在极度温度下保持液态"
	"alwaysUnlocked":false,
	"color": "C0ECFFFF",
	"effect":"none"
	"flammability": 0.0,//燃烧性
	"temperature": -5,//温度
	"heatCapacity": 100.0,//热容量，同时决定加速炮塔的能力
	"viscosity": 0.2,//粘度
	"explosiveness": 0.0,//爆炸性
    "lightColor" : "C0ECFFFF",
    "boilPoint" : 2000.0,//沸点？
    "research":{
                "parent" :"高温核心",
                "planet" :"加利尼亚",
               }
	
}