{
    "name":"运输管道",
    "type":"Duct",
    "description":"运输物品"
    "details":"由于温度较低，必须以高速运转"
    "alwaysUnlocked":true,//科技树默认解锁
    "health":100,
    "armor":1,
    "size":1,
    "speed": 0.05,//"运送速度": ？,
	"displayedSpeed":60,//"游戏中显示速度": ？,
    "itemCapacity":1,
    "category": "distribution",
    "requirements": [
        "graphite/1",
	    "铱/1",
		],
		"research": "高温核心"
		"requirements":[
		    "铱/10"
		    ]

}