{
	"type": "Router",//类型
	"size":1,//平方大小
	"alwaysUnlocked":true,//科技树默认解锁
	"category": "distribution",//菜单栏
	"details":"把他们堆在一起试一试"
	"name": "管道路由器",//名字
	"description": "向三个方向运输物品",//介绍
	"research": "管道"//前置科技树
	"alwaysUnlocked":false,//科技树默认解锁
	"health":100//血量
	"solid":false,//实体
	"requirements": [//建造消耗
		{ "item":"铱","amount":2}
			],
	"speed": 0.05,//运输速度
	"displayedSpeed":100,//显示速度
}