{
	"type": "Sorter",//类型,溢流门
	"size":1,//平方大小
	"invert":false,//反向
	"category": "distribution",//菜单栏
	"name": "管道分类器",//名字
	"description": "只允许选中的物品通过，否则向两侧输出",//介绍
	"details":"确实是一个好东西"
	"research": "管道路由器"//前置科技树
	"alwaysUnlocked":true,//科技树默认解锁
	"health":100//血量
	//"regionRotated":1,//区域旋转
	"solid":false,//实体
	"center":true,
	"requirements": [//建造消耗
		{ "item":"铱","amount":2},
	],
	"speed": 0.05,//运输速度
	"displayedSpeed":100,//显示速度
}