{
	"type": "flying",/*种类 */
	"name": "熔融",/*名称，它叫什么名字！ */
	"description": "保卫高温核心",/*描述，简介！ */
    "speed": 5,/*速度 */
	"flying": true,/*能否飞行，true为能飞 */
	"turnCursor":false,/*转动光标 */
	"engineOffset": 5,/*发动机偏移 */
	"engineSize": 5,/*发动机大小 */
    "hitSize": 1,/*被击中大小，你的大小 */
    "targetAir":"false",/*目标航空 */
    "health": 500,/*血量 */
    "armor": 5,/*装甲 */
    "mineSpeed": 9,/*挖矿速度 1=100% */
    "mineTier": 5,/*挖矿等级，你可以挖什么矿 */
    "buildSpeed": 1,/*构建速度 1=100%*/
    "rotateSpeed": 20,/*转速，旋转的速度 */
    "itemCapacity": 10,/*容量，字面意思 */
    "rotateShooting": "true",/*旋转射击，是否旋转射击 */
    	"weapons":[ 
    	{"name":"机炮",/*贴图的名字 */
	"x":3,"y":1.5,/*位置 x为上下y为左右 */
	"mirror":"true",/*镜像，是否对称 */
	"reload":20,/*重新装弹速度 */
	"rotate": "true",/*是否旋转 */
	"rotateSpeed":10,/*旋转速度 */
	"shootEffect":"none ",/*射击效果 */
	"shootSound":"shoot",/*射击声 */
	"bullet":{
	"type":"BasicBulletType",/*子弹类型，基础子弹 */
	"damage": 20,/*伤害 */
	"frontColor":"FFDE00",/*子弹颜色 正面颜色*/
	"backColor":"FF4E00",/*背景色 */
	"width": 2,/*子弹宽度 */
	"height": 15,/*子弹长度 */
	"speed": 5,/*子弹速度 */
	"lifetime":50,/*子弹血量 */
	"reloadTime": 10,//攻击范围
	"lifetime":120,//存在时间，帧
	"buildingDamageMultiplier":0.2/*对建筑物伤害/乘数 */
	"homingPower":0.00,//追踪力度
      "homingRange":00,//追踪范围，8/格
	} 	
	},
    ]
}